"id";"sex";"disease";"age_range";"sample_type";"number_of_donors";"number_of_samples";"last_update";"collection"
"bbmri-eric:factID:EU_BBMRI-ERIC:collection:CRC-Cohort:2";"FEMALE";"urn:miriam:icd:urn:miriam:icd:C18.0";"Adult";"TISSUE_FROZEN";"14";"23";"2025-03-19";"bbmri-eric:ID:EU_BBMRI-ERIC:collection:CRC-Cohort"
"bbmri-eric:factID:EU_BBMRI-ERIC:collection:CRC-Cohort:3";"FEMALE";"urn:miriam:icd:urn:miriam:icd:C18.0";"Adult";"TISSUE_PARAFFIN_EMBEDDED";"11";"31";"2025-03-19";"bbmri-eric:ID:EU_BBMRI-ERIC:collection:CRC-Cohort"
"bbmri-eric:factID:EU_BBMRI-ERIC:collection:CRC-Cohort:4";"FEMALE";"urn:miriam:icd:urn:miriam:icd:C18.0";"Middle-aged";"OTHER";"120";"255";"2025-03-19";"bbmri-eric:ID:EU_BBMRI-ERIC:collection:CRC-Cohort"
"bbmri-eric:factID:EU_BBMRI-ERIC:collection:CRC-Cohort:5";"FEMALE";"urn:miriam:icd:urn:miriam:icd:C18.0";"Middle-aged";"TISSUE_FROZEN";"114";"267";"2025-03-19";"bbmri-eric:ID:EU_BBMRI-ERIC:collection:CRC-Cohort"
"bbmri-eric:factID:EU_BBMRI-ERIC:collection:CRC-Cohort:6";"FEMALE";"urn:miriam:icd:urn:miriam:icd:C18.0";"Middle-aged";"TISSUE_PARAFFIN_EMBEDDED";"118";"273";"2025-03-19";"bbmri-eric:ID:EU_BBMRI-ERIC:collection:CRC-Cohort"
"bbmri-eric:factID:EU_BBMRI-ERIC:collection:CRC-Cohort:7";"FEMALE";"urn:miriam:icd:urn:miriam:icd:C18.0";"Aged (65-79 years)";"OTHER";"242";"538";"2025-03-19";"bbmri-eric:ID:EU_BBMRI-ERIC:collection:CRC-Cohort"
"bbmri-eric:factID:EU_BBMRI-ERIC:collection:CRC-Cohort:8";"FEMALE";"urn:miriam:icd:urn:miriam:icd:C18.0";"Aged (65-79 years)";"TISSUE_FROZEN";"256";"567";"2025-03-19";"bbmri-eric:ID:EU_BBMRI-ERIC:collection:CRC-Cohort"
"bbmri-eric:factID:EU_BBMRI-ERIC:collection:CRC-Cohort:9";"FEMALE";"urn:miriam:icd:urn:miriam:icd:C18.0";"Aged (65-79 years)";"TISSUE_PARAFFIN_EMBEDDED";"243";"560";"2025-03-19";"bbmri-eric:ID:EU_BBMRI-ERIC:collection:CRC-Cohort"
"bbmri-eric:factID:EU_BBMRI-ERIC:collection:CRC-Cohort:10";"FEMALE";"urn:miriam:icd:urn:miriam:icd:C18.0";"Aged (>80 years)";"OTHER";"144";"310";"2025-03-19";"bbmri-eric:ID:EU_BBMRI-ERIC:collection:CRC-Cohort"
"bbmri-eric:factID:EU_BBMRI-ERIC:collection:CRC-Cohort:11";"FEMALE";"urn:miriam:icd:urn:miriam:icd:C18.0";"Aged (>80 years)";"TISSUE_FROZEN";"136";"302";"2025-03-19";"bbmri-eric:ID:EU_BBMRI-ERIC:collection:CRC-Cohort"
"bbmri-eric:factID:EU_BBMRI-ERIC:collection:CRC-Cohort:12";"FEMALE";"urn:miriam:icd:urn:miriam:icd:C18.0";"Aged (>80 years)";"TISSUE_PARAFFIN_EMBEDDED";"138";"319";"2025-03-19";"bbmri-eric:ID:EU_BBMRI-ERIC:collection:CRC-Cohort"
"bbmri-eric:factID:EU_BBMRI-ERIC:collection:CRC-Cohort:13";"FEMALE";"urn:miriam:icd:urn:miriam:icd:C18.1";"Middle-aged";"OTHER";"15";"43";"2025-03-19";"bbmri-eric:ID:EU_BBMRI-ERIC:collection:CRC-Cohort"
"bbmri-eric:factID:EU_BBMRI-ERIC:collection:CRC-Cohort:14";"FEMALE";"urn:miriam:icd:urn:miriam:icd:C18.1";"Middle-aged";"TISSUE_FROZEN";"13";"33";"2025-03-19";"bbmri-eric:ID:EU_BBMRI-ERIC:collection:CRC-Cohort"
"bbmri-eric:factID:EU_BBMRI-ERIC:collection:CRC-Cohort:15";"FEMALE";"urn:miriam:icd:urn:miriam:icd:C18.1";"Middle-aged";"TISSUE_PARAFFIN_EMBEDDED";"13";"29";"2025-03-19";"bbmri-eric:ID:EU_BBMRI-ERIC:collection:CRC-Cohort"
"bbmri-eric:factID:EU_BBMRI-ERIC:collection:CRC-Cohort:16";"FEMALE";"urn:miriam:icd:urn:miriam:icd:C18.1";"Aged (65-79 years)";"OTHER";"10";"18";"2025-03-19";"bbmri-eric:ID:EU_BBMRI-ERIC:collection:CRC-Cohort"
"bbmri-eric:factID:EU_BBMRI-ERIC:collection:CRC-Cohort:19";"FEMALE";"urn:miriam:icd:urn:miriam:icd:C18.2";"Adult";"OTHER";"13";"23";"2025-03-19";"bbmri-eric:ID:EU_BBMRI-ERIC:collection:CRC-Cohort"
"bbmri-eric:factID:EU_BBMRI-ERIC:collection:CRC-Cohort:20";"FEMALE";"urn:miriam:icd:urn:miriam:icd:C18.2";"Adult";"TISSUE_FROZEN";"13";"38";"2025-03-19";"bbmri-eric:ID:EU_BBMRI-ERIC:collection:CRC-Cohort"
"bbmri-eric:factID:EU_BBMRI-ERIC:collection:CRC-Cohort:21";"FEMALE";"urn:miriam:icd:urn:miriam:icd:C18.2";"Adult";"TISSUE_PARAFFIN_EMBEDDED";"15";"26";"2025-03-19";"bbmri-eric:ID:EU_BBMRI-ERIC:collection:CRC-Cohort"
"bbmri-eric:factID:EU_BBMRI-ERIC:collection:CRC-Cohort:22";"FEMALE";"urn:miriam:icd:urn:miriam:icd:C18.2";"Middle-aged";"OTHER";"128";"296";"2025-03-19";"bbmri-eric:ID:EU_BBMRI-ERIC:collection:CRC-Cohort"
"bbmri-eric:factID:EU_BBMRI-ERIC:collection:CRC-Cohort:23";"FEMALE";"urn:miriam:icd:urn:miriam:icd:C18.2";"Middle-aged";"TISSUE_FROZEN";"127";"268";"2025-03-19";"bbmri-eric:ID:EU_BBMRI-ERIC:collection:CRC-Cohort"
"bbmri-eric:factID:EU_BBMRI-ERIC:collection:CRC-Cohort:24";"FEMALE";"urn:miriam:icd:urn:miriam:icd:C18.2";"Middle-aged";"TISSUE_PARAFFIN_EMBEDDED";"119";"281";"2025-03-19";"bbmri-eric:ID:EU_BBMRI-ERIC:collection:CRC-Cohort"
"bbmri-eric:factID:EU_BBMRI-ERIC:collection:CRC-Cohort:25";"FEMALE";"urn:miriam:icd:urn:miriam:icd:C18.2";"Aged (65-79 years)";"OTHER";"351";"813";"2025-03-19";"bbmri-eric:ID:EU_BBMRI-ERIC:collection:CRC-Cohort"
"bbmri-eric:factID:EU_BBMRI-ERIC:collection:CRC-Cohort:26";"FEMALE";"urn:miriam:icd:urn:miriam:icd:C18.2";"Aged (65-79 years)";"TISSUE_FROZEN";"354";"798";"2025-03-19";"bbmri-eric:ID:EU_BBMRI-ERIC:collection:CRC-Cohort"
"bbmri-eric:factID:EU_BBMRI-ERIC:collection:CRC-Cohort:27";"FEMALE";"urn:miriam:icd:urn:miriam:icd:C18.2";"Aged (65-79 years)";"TISSUE_PARAFFIN_EMBEDDED";"352";"807";"2025-03-19";"bbmri-eric:ID:EU_BBMRI-ERIC:collection:CRC-Cohort"
"bbmri-eric:factID:EU_BBMRI-ERIC:collection:CRC-Cohort:28";"FEMALE";"urn:miriam:icd:urn:miriam:icd:C18.2";"Aged (>80 years)";"OTHER";"160";"359";"2025-03-19";"bbmri-eric:ID:EU_BBMRI-ERIC:collection:CRC-Cohort"
"bbmri-eric:factID:EU_BBMRI-ERIC:collection:CRC-Cohort:29";"FEMALE";"urn:miriam:icd:urn:miriam:icd:C18.2";"Aged (>80 years)";"TISSUE_FROZEN";"160";"340";"2025-03-19";"bbmri-eric:ID:EU_BBMRI-ERIC:collection:CRC-Cohort"
"bbmri-eric:factID:EU_BBMRI-ERIC:collection:CRC-Cohort:30";"FEMALE";"urn:miriam:icd:urn:miriam:icd:C18.2";"Aged (>80 years)";"TISSUE_PARAFFIN_EMBEDDED";"156";"362";"2025-03-19";"bbmri-eric:ID:EU_BBMRI-ERIC:collection:CRC-Cohort"
"bbmri-eric:factID:EU_BBMRI-ERIC:collection:CRC-Cohort:31";"FEMALE";"urn:miriam:icd:urn:miriam:icd:C18.3";"Middle-aged";"OTHER";"40";"101";"2025-03-19";"bbmri-eric:ID:EU_BBMRI-ERIC:collection:CRC-Cohort"
"bbmri-eric:factID:EU_BBMRI-ERIC:collection:CRC-Cohort:32";"FEMALE";"urn:miriam:icd:urn:miriam:icd:C18.3";"Middle-aged";"TISSUE_FROZEN";"45";"103";"2025-03-19";"bbmri-eric:ID:EU_BBMRI-ERIC:collection:CRC-Cohort"
"bbmri-eric:factID:EU_BBMRI-ERIC:collection:CRC-Cohort:33";"FEMALE";"urn:miriam:icd:urn:miriam:icd:C18.3";"Middle-aged";"TISSUE_PARAFFIN_EMBEDDED";"44";"102";"2025-03-19";"bbmri-eric:ID:EU_BBMRI-ERIC:collection:CRC-Cohort"
"bbmri-eric:factID:EU_BBMRI-ERIC:collection:CRC-Cohort:34";"FEMALE";"urn:miriam:icd:urn:miriam:icd:C18.3";"Aged (65-79 years)";"OTHER";"99";"211";"2025-03-19";"bbmri-eric:ID:EU_BBMRI-ERIC:collection:CRC-Cohort"
"bbmri-eric:factID:EU_BBMRI-ERIC:collection:CRC-Cohort:35";"FEMALE";"urn:miriam:icd:urn:miriam:icd:C18.3";"Aged (65-79 years)";"TISSUE_FROZEN";"93";"227";"2025-03-19";"bbmri-eric:ID:EU_BBMRI-ERIC:collection:CRC-Cohort"
"bbmri-eric:factID:EU_BBMRI-ERIC:collection:CRC-Cohort:36";"FEMALE";"urn:miriam:icd:urn:miriam:icd:C18.3";"Aged (65-79 years)";"TISSUE_PARAFFIN_EMBEDDED";"95";"242";"2025-03-19";"bbmri-eric:ID:EU_BBMRI-ERIC:collection:CRC-Cohort"
"bbmri-eric:factID:EU_BBMRI-ERIC:collection:CRC-Cohort:37";"FEMALE";"urn:miriam:icd:urn:miriam:icd:C18.3";"Aged (>80 years)";"OTHER";"62";"140";"2025-03-19";"bbmri-eric:ID:EU_BBMRI-ERIC:collection:CRC-Cohort"
"bbmri-eric:factID:EU_BBMRI-ERIC:collection:CRC-Cohort:38";"FEMALE";"urn:miriam:icd:urn:miriam:icd:C18.3";"Aged (>80 years)";"TISSUE_FROZEN";"62";"158";"2025-03-19";"bbmri-eric:ID:EU_BBMRI-ERIC:collection:CRC-Cohort"
"bbmri-eric:factID:EU_BBMRI-ERIC:collection:CRC-Cohort:39";"FEMALE";"urn:miriam:icd:urn:miriam:icd:C18.3";"Aged (>80 years)";"TISSUE_PARAFFIN_EMBEDDED";"64";"133";"2025-03-19";"bbmri-eric:ID:EU_BBMRI-ERIC:collection:CRC-Cohort"
"bbmri-eric:factID:EU_BBMRI-ERIC:collection:CRC-Cohort:43";"FEMALE";"urn:miriam:icd:urn:miriam:icd:C18.4";"Middle-aged";"OTHER";"53";"121";"2025-03-19";"bbmri-eric:ID:EU_BBMRI-ERIC:collection:CRC-Cohort"
"bbmri-eric:factID:EU_BBMRI-ERIC:collection:CRC-Cohort:44";"FEMALE";"urn:miriam:icd:urn:miriam:icd:C18.4";"Middle-aged";"TISSUE_FROZEN";"63";"144";"2025-03-19";"bbmri-eric:ID:EU_BBMRI-ERIC:collection:CRC-Cohort"
"bbmri-eric:factID:EU_BBMRI-ERIC:collection:CRC-Cohort:45";"FEMALE";"urn:miriam:icd:urn:miriam:icd:C18.4";"Middle-aged";"TISSUE_PARAFFIN_EMBEDDED";"61";"137";"2025-03-19";"bbmri-eric:ID:EU_BBMRI-ERIC:collection:CRC-Cohort"
"bbmri-eric:factID:EU_BBMRI-ERIC:collection:CRC-Cohort:46";"FEMALE";"urn:miriam:icd:urn:miriam:icd:C18.4";"Aged (65-79 years)";"OTHER";"99";"214";"2025-03-19";"bbmri-eric:ID:EU_BBMRI-ERIC:collection:CRC-Cohort"
"bbmri-eric:factID:EU_BBMRI-ERIC:collection:CRC-Cohort:47";"FEMALE";"urn:miriam:icd:urn:miriam:icd:C18.4";"Aged (65-79 years)";"TISSUE_FROZEN";"95";"216";"2025-03-19";"bbmri-eric:ID:EU_BBMRI-ERIC:collection:CRC-Cohort"
"bbmri-eric:factID:EU_BBMRI-ERIC:collection:CRC-Cohort:48";"FEMALE";"urn:miriam:icd:urn:miriam:icd:C18.4";"Aged (65-79 years)";"TISSUE_PARAFFIN_EMBEDDED";"100";"224";"2025-03-19";"bbmri-eric:ID:EU_BBMRI-ERIC:collection:CRC-Cohort"
"bbmri-eric:factID:EU_BBMRI-ERIC:collection:CRC-Cohort:49";"FEMALE";"urn:miriam:icd:urn:miriam:icd:C18.4";"Aged (>80 years)";"OTHER";"56";"134";"2025-03-19";"bbmri-eric:ID:EU_BBMRI-ERIC:collection:CRC-Cohort"
"bbmri-eric:factID:EU_BBMRI-ERIC:collection:CRC-Cohort:50";"FEMALE";"urn:miriam:icd:urn:miriam:icd:C18.4";"Aged (>80 years)";"TISSUE_FROZEN";"51";"117";"2025-03-19";"bbmri-eric:ID:EU_BBMRI-ERIC:collection:CRC-Cohort"
"bbmri-eric:factID:EU_BBMRI-ERIC:collection:CRC-Cohort:51";"FEMALE";"urn:miriam:icd:urn:miriam:icd:C18.4";"Aged (>80 years)";"TISSUE_PARAFFIN_EMBEDDED";"50";"122";"2025-03-19";"bbmri-eric:ID:EU_BBMRI-ERIC:collection:CRC-Cohort"
"bbmri-eric:factID:EU_BBMRI-ERIC:collection:CRC-Cohort:52";"FEMALE";"urn:miriam:icd:urn:miriam:icd:C18.5";"Middle-aged";"OTHER";"26";"57";"2025-03-19";"bbmri-eric:ID:EU_BBMRI-ERIC:collection:CRC-Cohort"
"bbmri-eric:factID:EU_BBMRI-ERIC:collection:CRC-Cohort:53";"FEMALE";"urn:miriam:icd:urn:miriam:icd:C18.5";"Middle-aged";"TISSUE_FROZEN";"25";"65";"2025-03-19";"bbmri-eric:ID:EU_BBMRI-ERIC:collection:CRC-Cohort"
"bbmri-eric:factID:EU_BBMRI-ERIC:collection:CRC-Cohort:54";"FEMALE";"urn:miriam:icd:urn:miriam:icd:C18.5";"Middle-aged";"TISSUE_PARAFFIN_EMBEDDED";"27";"66";"2025-03-19";"bbmri-eric:ID:EU_BBMRI-ERIC:collection:CRC-Cohort"
"bbmri-eric:factID:EU_BBMRI-ERIC:collection:CRC-Cohort:55";"FEMALE";"urn:miriam:icd:urn:miriam:icd:C18.5";"Aged (65-79 years)";"OTHER";"28";"70";"2025-03-19";"bbmri-eric:ID:EU_BBMRI-ERIC:collection:CRC-Cohort"
"bbmri-eric:factID:EU_BBMRI-ERIC:collection:CRC-Cohort:56";"FEMALE";"urn:miriam:icd:urn:miriam:icd:C18.5";"Aged (65-79 years)";"TISSUE_FROZEN";"25";"58";"2025-03-19";"bbmri-eric:ID:EU_BBMRI-ERIC:collection:CRC-Cohort"
"bbmri-eric:factID:EU_BBMRI-ERIC:collection:CRC-Cohort:57";"FEMALE";"urn:miriam:icd:urn:miriam:icd:C18.5";"Aged (65-79 years)";"TISSUE_PARAFFIN_EMBEDDED";"33";"79";"2025-03-19";"bbmri-eric:ID:EU_BBMRI-ERIC:collection:CRC-Cohort"
"bbmri-eric:factID:EU_BBMRI-ERIC:collection:CRC-Cohort:58";"FEMALE";"urn:miriam:icd:urn:miriam:icd:C18.5";"Aged (>80 years)";"OTHER";"18";"44";"2025-03-19";"bbmri-eric:ID:EU_BBMRI-ERIC:collection:CRC-Cohort"
"bbmri-eric:factID:EU_BBMRI-ERIC:collection:CRC-Cohort:59";"FEMALE";"urn:miriam:icd:urn:miriam:icd:C18.5";"Aged (>80 years)";"TISSUE_FROZEN";"19";"44";"2025-03-19";"bbmri-eric:ID:EU_BBMRI-ERIC:collection:CRC-Cohort"
"bbmri-eric:factID:EU_BBMRI-ERIC:collection:CRC-Cohort:60";"FEMALE";"urn:miriam:icd:urn:miriam:icd:C18.5";"Aged (>80 years)";"TISSUE_PARAFFIN_EMBEDDED";"15";"33";"2025-03-19";"bbmri-eric:ID:EU_BBMRI-ERIC:collection:CRC-Cohort"
"bbmri-eric:factID:EU_BBMRI-ERIC:collection:CRC-Cohort:61";"FEMALE";"urn:miriam:icd:urn:miriam:icd:C18.6";"Adult";"OTHER";"10";"23";"2025-03-19";"bbmri-eric:ID:EU_BBMRI-ERIC:collection:CRC-Cohort"
"bbmri-eric:factID:EU_BBMRI-ERIC:collection:CRC-Cohort:62";"FEMALE";"urn:miriam:icd:urn:miriam:icd:C18.6";"Adult";"TISSUE_FROZEN";"10";"26";"2025-03-19";"bbmri-eric:ID:EU_BBMRI-ERIC:collection:CRC-Cohort"
"bbmri-eric:factID:EU_BBMRI-ERIC:collection:CRC-Cohort:63";"FEMALE";"urn:miriam:icd:urn:miriam:icd:C18.6";"Adult";"TISSUE_PARAFFIN_EMBEDDED";"11";"28";"2025-03-19";"bbmri-eric:ID:EU_BBMRI-ERIC:collection:CRC-Cohort"
"bbmri-eric:factID:EU_BBMRI-ERIC:collection:CRC-Cohort:64";"FEMALE";"urn:miriam:icd:urn:miriam:icd:C18.6";"Middle-aged";"OTHER";"69";"160";"2025-03-19";"bbmri-eric:ID:EU_BBMRI-ERIC:collection:CRC-Cohort"
"bbmri-eric:factID:EU_BBMRI-ERIC:collection:CRC-Cohort:65";"FEMALE";"urn:miriam:icd:urn:miriam:icd:C18.6";"Middle-aged";"TISSUE_FROZEN";"75";"163";"2025-03-19";"bbmri-eric:ID:EU_BBMRI-ERIC:collection:CRC-Cohort"
"bbmri-eric:factID:EU_BBMRI-ERIC:collection:CRC-Cohort:66";"FEMALE";"urn:miriam:icd:urn:miriam:icd:C18.6";"Middle-aged";"TISSUE_PARAFFIN_EMBEDDED";"76";"160";"2025-03-19";"bbmri-eric:ID:EU_BBMRI-ERIC:collection:CRC-Cohort"
"bbmri-eric:factID:EU_BBMRI-ERIC:collection:CRC-Cohort:67";"FEMALE";"urn:miriam:icd:urn:miriam:icd:C18.6";"Aged (65-79 years)";"OTHER";"95";"204";"2025-03-19";"bbmri-eric:ID:EU_BBMRI-ERIC:collection:CRC-Cohort"
"bbmri-eric:factID:EU_BBMRI-ERIC:collection:CRC-Cohort:68";"FEMALE";"urn:miriam:icd:urn:miriam:icd:C18.6";"Aged (65-79 years)";"TISSUE_FROZEN";"90";"216";"2025-03-19";"bbmri-eric:ID:EU_BBMRI-ERIC:collection:CRC-Cohort"
"bbmri-eric:factID:EU_BBMRI-ERIC:collection:CRC-Cohort:69";"FEMALE";"urn:miriam:icd:urn:miriam:icd:C18.6";"Aged (65-79 years)";"TISSUE_PARAFFIN_EMBEDDED";"93";"201";"2025-03-19";"bbmri-eric:ID:EU_BBMRI-ERIC:collection:CRC-Cohort"
"bbmri-eric:factID:EU_BBMRI-ERIC:collection:CRC-Cohort:70";"FEMALE";"urn:miriam:icd:urn:miriam:icd:C18.6";"Aged (>80 years)";"OTHER";"32";"76";"2025-03-19";"bbmri-eric:ID:EU_BBMRI-ERIC:collection:CRC-Cohort"
"bbmri-eric:factID:EU_BBMRI-ERIC:collection:CRC-Cohort:71";"FEMALE";"urn:miriam:icd:urn:miriam:icd:C18.6";"Aged (>80 years)";"TISSUE_FROZEN";"32";"78";"2025-03-19";"bbmri-eric:ID:EU_BBMRI-ERIC:collection:CRC-Cohort"
"bbmri-eric:factID:EU_BBMRI-ERIC:collection:CRC-Cohort:72";"FEMALE";"urn:miriam:icd:urn:miriam:icd:C18.6";"Aged (>80 years)";"TISSUE_PARAFFIN_EMBEDDED";"27";"62";"2025-03-19";"bbmri-eric:ID:EU_BBMRI-ERIC:collection:CRC-Cohort"
"bbmri-eric:factID:EU_BBMRI-ERIC:collection:CRC-Cohort:73";"FEMALE";"urn:miriam:icd:urn:miriam:icd:C18.7";"Adult";"OTHER";"42";"100";"2025-03-19";"bbmri-eric:ID:EU_BBMRI-ERIC:collection:CRC-Cohort"
"bbmri-eric:factID:EU_BBMRI-ERIC:collection:CRC-Cohort:74";"FEMALE";"urn:miriam:icd:urn:miriam:icd:C18.7";"Adult";"TISSUE_FROZEN";"40";"86";"2025-03-19";"bbmri-eric:ID:EU_BBMRI-ERIC:collection:CRC-Cohort"
"bbmri-eric:factID:EU_BBMRI-ERIC:collection:CRC-Cohort:75";"FEMALE";"urn:miriam:icd:urn:miriam:icd:C18.7";"Adult";"TISSUE_PARAFFIN_EMBEDDED";"38";"70";"2025-03-19";"bbmri-eric:ID:EU_BBMRI-ERIC:collection:CRC-Cohort"
"bbmri-eric:factID:EU_BBMRI-ERIC:collection:CRC-Cohort:76";"FEMALE";"urn:miriam:icd:urn:miriam:icd:C18.7";"Middle-aged";"OTHER";"261";"551";"2025-03-19";"bbmri-eric:ID:EU_BBMRI-ERIC:collection:CRC-Cohort"
"bbmri-eric:factID:EU_BBMRI-ERIC:collection:CRC-Cohort:77";"FEMALE";"urn:miriam:icd:urn:miriam:icd:C18.7";"Middle-aged";"TISSUE_FROZEN";"258";"592";"2025-03-19";"bbmri-eric:ID:EU_BBMRI-ERIC:collection:CRC-Cohort"
"bbmri-eric:factID:EU_BBMRI-ERIC:collection:CRC-Cohort:78";"FEMALE";"urn:miriam:icd:urn:miriam:icd:C18.7";"Middle-aged";"TISSUE_PARAFFIN_EMBEDDED";"248";"541";"2025-03-19";"bbmri-eric:ID:EU_BBMRI-ERIC:collection:CRC-Cohort"
"bbmri-eric:factID:EU_BBMRI-ERIC:collection:CRC-Cohort:79";"FEMALE";"urn:miriam:icd:urn:miriam:icd:C18.7";"Aged (65-79 years)";"OTHER";"317";"760";"2025-03-19";"bbmri-eric:ID:EU_BBMRI-ERIC:collection:CRC-Cohort"
"bbmri-eric:factID:EU_BBMRI-ERIC:collection:CRC-Cohort:80";"FEMALE";"urn:miriam:icd:urn:miriam:icd:C18.7";"Aged (65-79 years)";"TISSUE_FROZEN";"317";"678";"2025-03-19";"bbmri-eric:ID:EU_BBMRI-ERIC:collection:CRC-Cohort"
"bbmri-eric:factID:EU_BBMRI-ERIC:collection:CRC-Cohort:81";"FEMALE";"urn:miriam:icd:urn:miriam:icd:C18.7";"Aged (65-79 years)";"TISSUE_PARAFFIN_EMBEDDED";"315";"695";"2025-03-19";"bbmri-eric:ID:EU_BBMRI-ERIC:collection:CRC-Cohort"
"bbmri-eric:factID:EU_BBMRI-ERIC:collection:CRC-Cohort:82";"FEMALE";"urn:miriam:icd:urn:miriam:icd:C18.7";"Aged (>80 years)";"OTHER";"121";"278";"2025-03-19";"bbmri-eric:ID:EU_BBMRI-ERIC:collection:CRC-Cohort"
"bbmri-eric:factID:EU_BBMRI-ERIC:collection:CRC-Cohort:83";"FEMALE";"urn:miriam:icd:urn:miriam:icd:C18.7";"Aged (>80 years)";"TISSUE_FROZEN";"120";"278";"2025-03-19";"bbmri-eric:ID:EU_BBMRI-ERIC:collection:CRC-Cohort"
"bbmri-eric:factID:EU_BBMRI-ERIC:collection:CRC-Cohort:84";"FEMALE";"urn:miriam:icd:urn:miriam:icd:C18.7";"Aged (>80 years)";"TISSUE_PARAFFIN_EMBEDDED";"126";"286";"2025-03-19";"bbmri-eric:ID:EU_BBMRI-ERIC:collection:CRC-Cohort"
"bbmri-eric:factID:EU_BBMRI-ERIC:collection:CRC-Cohort:85";"FEMALE";"urn:miriam:icd:urn:miriam:icd:C19";"Middle-aged";"OTHER";"61";"147";"2025-03-19";"bbmri-eric:ID:EU_BBMRI-ERIC:collection:CRC-Cohort"
"bbmri-eric:factID:EU_BBMRI-ERIC:collection:CRC-Cohort:86";"FEMALE";"urn:miriam:icd:urn:miriam:icd:C19";"Middle-aged";"TISSUE_FROZEN";"64";"147";"2025-03-19";"bbmri-eric:ID:EU_BBMRI-ERIC:collection:CRC-Cohort"
"bbmri-eric:factID:EU_BBMRI-ERIC:collection:CRC-Cohort:87";"FEMALE";"urn:miriam:icd:urn:miriam:icd:C19";"Middle-aged";"TISSUE_PARAFFIN_EMBEDDED";"64";"148";"2025-03-19";"bbmri-eric:ID:EU_BBMRI-ERIC:collection:CRC-Cohort"
"bbmri-eric:factID:EU_BBMRI-ERIC:collection:CRC-Cohort:88";"FEMALE";"urn:miriam:icd:urn:miriam:icd:C19";"Aged (65-79 years)";"OTHER";"71";"197";"2025-03-19";"bbmri-eric:ID:EU_BBMRI-ERIC:collection:CRC-Cohort"
"bbmri-eric:factID:EU_BBMRI-ERIC:collection:CRC-Cohort:89";"FEMALE";"urn:miriam:icd:urn:miriam:icd:C19";"Aged (65-79 years)";"TISSUE_FROZEN";"70";"147";"2025-03-19";"bbmri-eric:ID:EU_BBMRI-ERIC:collection:CRC-Cohort"
"bbmri-eric:factID:EU_BBMRI-ERIC:collection:CRC-Cohort:90";"FEMALE";"urn:miriam:icd:urn:miriam:icd:C19";"Aged (65-79 years)";"TISSUE_PARAFFIN_EMBEDDED";"74";"167";"2025-03-19";"bbmri-eric:ID:EU_BBMRI-ERIC:collection:CRC-Cohort"
"bbmri-eric:factID:EU_BBMRI-ERIC:collection:CRC-Cohort:91";"FEMALE";"urn:miriam:icd:urn:miriam:icd:C19";"Aged (>80 years)";"OTHER";"15";"34";"2025-03-19";"bbmri-eric:ID:EU_BBMRI-ERIC:collection:CRC-Cohort"
"bbmri-eric:factID:EU_BBMRI-ERIC:collection:CRC-Cohort:92";"FEMALE";"urn:miriam:icd:urn:miriam:icd:C19";"Aged (>80 years)";"TISSUE_FROZEN";"14";"35";"2025-03-19";"bbmri-eric:ID:EU_BBMRI-ERIC:collection:CRC-Cohort"
"bbmri-eric:factID:EU_BBMRI-ERIC:collection:CRC-Cohort:93";"FEMALE";"urn:miriam:icd:urn:miriam:icd:C19";"Aged (>80 years)";"TISSUE_PARAFFIN_EMBEDDED";"17";"31";"2025-03-19";"bbmri-eric:ID:EU_BBMRI-ERIC:collection:CRC-Cohort"
"bbmri-eric:factID:EU_BBMRI-ERIC:collection:CRC-Cohort:94";"FEMALE";"urn:miriam:icd:urn:miriam:icd:C20";"Adult";"OTHER";"52";"118";"2025-03-19";"bbmri-eric:ID:EU_BBMRI-ERIC:collection:CRC-Cohort"
"bbmri-eric:factID:EU_BBMRI-ERIC:collection:CRC-Cohort:95";"FEMALE";"urn:miriam:icd:urn:miriam:icd:C20";"Adult";"TISSUE_FROZEN";"47";"107";"2025-03-19";"bbmri-eric:ID:EU_BBMRI-ERIC:collection:CRC-Cohort"
"bbmri-eric:factID:EU_BBMRI-ERIC:collection:CRC-Cohort:96";"FEMALE";"urn:miriam:icd:urn:miriam:icd:C20";"Adult";"TISSUE_PARAFFIN_EMBEDDED";"44";"114";"2025-03-19";"bbmri-eric:ID:EU_BBMRI-ERIC:collection:CRC-Cohort"
"bbmri-eric:factID:EU_BBMRI-ERIC:collection:CRC-Cohort:97";"FEMALE";"urn:miriam:icd:urn:miriam:icd:C20";"Middle-aged";"OTHER";"408";"896";"2025-03-19";"bbmri-eric:ID:EU_BBMRI-ERIC:collection:CRC-Cohort"
"bbmri-eric:factID:EU_BBMRI-ERIC:collection:CRC-Cohort:98";"FEMALE";"urn:miriam:icd:urn:miriam:icd:C20";"Middle-aged";"TISSUE_FROZEN";"401";"879";"2025-03-19";"bbmri-eric:ID:EU_BBMRI-ERIC:collection:CRC-Cohort"
"bbmri-eric:factID:EU_BBMRI-ERIC:collection:CRC-Cohort:99";"FEMALE";"urn:miriam:icd:urn:miriam:icd:C20";"Middle-aged";"TISSUE_PARAFFIN_EMBEDDED";"387";"872";"2025-03-19";"bbmri-eric:ID:EU_BBMRI-ERIC:collection:CRC-Cohort"
"bbmri-eric:factID:EU_BBMRI-ERIC:collection:CRC-Cohort:100";"FEMALE";"urn:miriam:icd:urn:miriam:icd:C20";"Aged (65-79 years)";"OTHER";"480";"1075";"2025-03-19";"bbmri-eric:ID:EU_BBMRI-ERIC:collection:CRC-Cohort"
"bbmri-eric:factID:EU_BBMRI-ERIC:collection:CRC-Cohort:101";"FEMALE";"urn:miriam:icd:urn:miriam:icd:C20";"Aged (65-79 years)";"TISSUE_FROZEN";"485";"1049";"2025-03-19";"bbmri-eric:ID:EU_BBMRI-ERIC:collection:CRC-Cohort"
"bbmri-eric:factID:EU_BBMRI-ERIC:collection:CRC-Cohort:102";"FEMALE";"urn:miriam:icd:urn:miriam:icd:C20";"Aged (65-79 years)";"TISSUE_PARAFFIN_EMBEDDED";"482";"1073";"2025-03-19";"bbmri-eric:ID:EU_BBMRI-ERIC:collection:CRC-Cohort"
"bbmri-eric:factID:EU_BBMRI-ERIC:collection:CRC-Cohort:103";"FEMALE";"urn:miriam:icd:urn:miriam:icd:C20";"Aged (>80 years)";"OTHER";"175";"398";"2025-03-19";"bbmri-eric:ID:EU_BBMRI-ERIC:collection:CRC-Cohort"
"bbmri-eric:factID:EU_BBMRI-ERIC:collection:CRC-Cohort:104";"FEMALE";"urn:miriam:icd:urn:miriam:icd:C20";"Aged (>80 years)";"TISSUE_FROZEN";"171";"399";"2025-03-19";"bbmri-eric:ID:EU_BBMRI-ERIC:collection:CRC-Cohort"
"bbmri-eric:factID:EU_BBMRI-ERIC:collection:CRC-Cohort:105";"FEMALE";"urn:miriam:icd:urn:miriam:icd:C20";"Aged (>80 years)";"TISSUE_PARAFFIN_EMBEDDED";"175";"397";"2025-03-19";"bbmri-eric:ID:EU_BBMRI-ERIC:collection:CRC-Cohort"
"bbmri-eric:factID:EU_BBMRI-ERIC:collection:CRC-Cohort:106";"MALE";"urn:miriam:icd:urn:miriam:icd:C18.0";"Adult";"OTHER";"15";"37";"2025-03-19";"bbmri-eric:ID:EU_BBMRI-ERIC:collection:CRC-Cohort"
"bbmri-eric:factID:EU_BBMRI-ERIC:collection:CRC-Cohort:107";"MALE";"urn:miriam:icd:urn:miriam:icd:C18.0";"Adult";"TISSUE_FROZEN";"14";"38";"2025-03-19";"bbmri-eric:ID:EU_BBMRI-ERIC:collection:CRC-Cohort"
"bbmri-eric:factID:EU_BBMRI-ERIC:collection:CRC-Cohort:108";"MALE";"urn:miriam:icd:urn:miriam:icd:C18.0";"Adult";"TISSUE_PARAFFIN_EMBEDDED";"11";"36";"2025-03-19";"bbmri-eric:ID:EU_BBMRI-ERIC:collection:CRC-Cohort"
"bbmri-eric:factID:EU_BBMRI-ERIC:collection:CRC-Cohort:109";"MALE";"urn:miriam:icd:urn:miriam:icd:C18.0";"Middle-aged";"OTHER";"126";"286";"2025-03-19";"bbmri-eric:ID:EU_BBMRI-ERIC:collection:CRC-Cohort"
"bbmri-eric:factID:EU_BBMRI-ERIC:collection:CRC-Cohort:110";"MALE";"urn:miriam:icd:urn:miriam:icd:C18.0";"Middle-aged";"TISSUE_FROZEN";"119";"271";"2025-03-19";"bbmri-eric:ID:EU_BBMRI-ERIC:collection:CRC-Cohort"
"bbmri-eric:factID:EU_BBMRI-ERIC:collection:CRC-Cohort:111";"MALE";"urn:miriam:icd:urn:miriam:icd:C18.0";"Middle-aged";"TISSUE_PARAFFIN_EMBEDDED";"120";"243";"2025-03-19";"bbmri-eric:ID:EU_BBMRI-ERIC:collection:CRC-Cohort"
"bbmri-eric:factID:EU_BBMRI-ERIC:collection:CRC-Cohort:112";"MALE";"urn:miriam:icd:urn:miriam:icd:C18.0";"Aged (65-79 years)";"OTHER";"251";"598";"2025-03-19";"bbmri-eric:ID:EU_BBMRI-ERIC:collection:CRC-Cohort"
"bbmri-eric:factID:EU_BBMRI-ERIC:collection:CRC-Cohort:113";"MALE";"urn:miriam:icd:urn:miriam:icd:C18.0";"Aged (65-79 years)";"TISSUE_FROZEN";"266";"572";"2025-03-19";"bbmri-eric:ID:EU_BBMRI-ERIC:collection:CRC-Cohort"
"bbmri-eric:factID:EU_BBMRI-ERIC:collection:CRC-Cohort:114";"MALE";"urn:miriam:icd:urn:miriam:icd:C18.0";"Aged (65-79 years)";"TISSUE_PARAFFIN_EMBEDDED";"279";"642";"2025-03-19";"bbmri-eric:ID:EU_BBMRI-ERIC:collection:CRC-Cohort"
"bbmri-eric:factID:EU_BBMRI-ERIC:collection:CRC-Cohort:115";"MALE";"urn:miriam:icd:urn:miriam:icd:C18.0";"Aged (>80 years)";"OTHER";"93";"204";"2025-03-19";"bbmri-eric:ID:EU_BBMRI-ERIC:collection:CRC-Cohort"
"bbmri-eric:factID:EU_BBMRI-ERIC:collection:CRC-Cohort:116";"MALE";"urn:miriam:icd:urn:miriam:icd:C18.0";"Aged (>80 years)";"TISSUE_FROZEN";"89";"206";"2025-03-19";"bbmri-eric:ID:EU_BBMRI-ERIC:collection:CRC-Cohort"
"bbmri-eric:factID:EU_BBMRI-ERIC:collection:CRC-Cohort:117";"MALE";"urn:miriam:icd:urn:miriam:icd:C18.0";"Aged (>80 years)";"TISSUE_PARAFFIN_EMBEDDED";"90";"197";"2025-03-19";"bbmri-eric:ID:EU_BBMRI-ERIC:collection:CRC-Cohort"
"bbmri-eric:factID:EU_BBMRI-ERIC:collection:CRC-Cohort:122";"MALE";"urn:miriam:icd:urn:miriam:icd:C18.1";"Aged (65-79 years)";"TISSUE_FROZEN";"10";"24";"2025-03-19";"bbmri-eric:ID:EU_BBMRI-ERIC:collection:CRC-Cohort"
"bbmri-eric:factID:EU_BBMRI-ERIC:collection:CRC-Cohort:123";"MALE";"urn:miriam:icd:urn:miriam:icd:C18.1";"Aged (65-79 years)";"TISSUE_PARAFFIN_EMBEDDED";"10";"26";"2025-03-19";"bbmri-eric:ID:EU_BBMRI-ERIC:collection:CRC-Cohort"
"bbmri-eric:factID:EU_BBMRI-ERIC:collection:CRC-Cohort:124";"MALE";"urn:miriam:icd:urn:miriam:icd:C18.2";"Adult";"OTHER";"12";"30";"2025-03-19";"bbmri-eric:ID:EU_BBMRI-ERIC:collection:CRC-Cohort"
"bbmri-eric:factID:EU_BBMRI-ERIC:collection:CRC-Cohort:125";"MALE";"urn:miriam:icd:urn:miriam:icd:C18.2";"Adult";"TISSUE_FROZEN";"15";"33";"2025-03-19";"bbmri-eric:ID:EU_BBMRI-ERIC:collection:CRC-Cohort"
"bbmri-eric:factID:EU_BBMRI-ERIC:collection:CRC-Cohort:126";"MALE";"urn:miriam:icd:urn:miriam:icd:C18.2";"Adult";"TISSUE_PARAFFIN_EMBEDDED";"13";"27";"2025-03-19";"bbmri-eric:ID:EU_BBMRI-ERIC:collection:CRC-Cohort"
"bbmri-eric:factID:EU_BBMRI-ERIC:collection:CRC-Cohort:127";"MALE";"urn:miriam:icd:urn:miriam:icd:C18.2";"Middle-aged";"OTHER";"167";"396";"2025-03-19";"bbmri-eric:ID:EU_BBMRI-ERIC:collection:CRC-Cohort"
"bbmri-eric:factID:EU_BBMRI-ERIC:collection:CRC-Cohort:128";"MALE";"urn:miriam:icd:urn:miriam:icd:C18.2";"Middle-aged";"TISSUE_FROZEN";"168";"368";"2025-03-19";"bbmri-eric:ID:EU_BBMRI-ERIC:collection:CRC-Cohort"
"bbmri-eric:factID:EU_BBMRI-ERIC:collection:CRC-Cohort:129";"MALE";"urn:miriam:icd:urn:miriam:icd:C18.2";"Middle-aged";"TISSUE_PARAFFIN_EMBEDDED";"150";"352";"2025-03-19";"bbmri-eric:ID:EU_BBMRI-ERIC:collection:CRC-Cohort"
"bbmri-eric:factID:EU_BBMRI-ERIC:collection:CRC-Cohort:130";"MALE";"urn:miriam:icd:urn:miriam:icd:C18.2";"Aged (65-79 years)";"OTHER";"317";"740";"2025-03-19";"bbmri-eric:ID:EU_BBMRI-ERIC:collection:CRC-Cohort"
"bbmri-eric:factID:EU_BBMRI-ERIC:collection:CRC-Cohort:131";"MALE";"urn:miriam:icd:urn:miriam:icd:C18.2";"Aged (65-79 years)";"TISSUE_FROZEN";"310";"693";"2025-03-19";"bbmri-eric:ID:EU_BBMRI-ERIC:collection:CRC-Cohort"
"bbmri-eric:factID:EU_BBMRI-ERIC:collection:CRC-Cohort:132";"MALE";"urn:miriam:icd:urn:miriam:icd:C18.2";"Aged (65-79 years)";"TISSUE_PARAFFIN_EMBEDDED";"326";"720";"2025-03-19";"bbmri-eric:ID:EU_BBMRI-ERIC:collection:CRC-Cohort"
"bbmri-eric:factID:EU_BBMRI-ERIC:collection:CRC-Cohort:133";"MALE";"urn:miriam:icd:urn:miriam:icd:C18.2";"Aged (>80 years)";"OTHER";"111";"239";"2025-03-19";"bbmri-eric:ID:EU_BBMRI-ERIC:collection:CRC-Cohort"
"bbmri-eric:factID:EU_BBMRI-ERIC:collection:CRC-Cohort:134";"MALE";"urn:miriam:icd:urn:miriam:icd:C18.2";"Aged (>80 years)";"TISSUE_FROZEN";"118";"263";"2025-03-19";"bbmri-eric:ID:EU_BBMRI-ERIC:collection:CRC-Cohort"
"bbmri-eric:factID:EU_BBMRI-ERIC:collection:CRC-Cohort:135";"MALE";"urn:miriam:icd:urn:miriam:icd:C18.2";"Aged (>80 years)";"TISSUE_PARAFFIN_EMBEDDED";"112";"272";"2025-03-19";"bbmri-eric:ID:EU_BBMRI-ERIC:collection:CRC-Cohort"
"bbmri-eric:factID:EU_BBMRI-ERIC:collection:CRC-Cohort:136";"MALE";"urn:miriam:icd:urn:miriam:icd:C18.3";"Adult";"OTHER";"11";"39";"2025-03-19";"bbmri-eric:ID:EU_BBMRI-ERIC:collection:CRC-Cohort"
"bbmri-eric:factID:EU_BBMRI-ERIC:collection:CRC-Cohort:139";"MALE";"urn:miriam:icd:urn:miriam:icd:C18.3";"Middle-aged";"OTHER";"77";"180";"2025-03-19";"bbmri-eric:ID:EU_BBMRI-ERIC:collection:CRC-Cohort"
"bbmri-eric:factID:EU_BBMRI-ERIC:collection:CRC-Cohort:140";"MALE";"urn:miriam:icd:urn:miriam:icd:C18.3";"Middle-aged";"TISSUE_FROZEN";"80";"168";"2025-03-19";"bbmri-eric:ID:EU_BBMRI-ERIC:collection:CRC-Cohort"
"bbmri-eric:factID:EU_BBMRI-ERIC:collection:CRC-Cohort:141";"MALE";"urn:miriam:icd:urn:miriam:icd:C18.3";"Middle-aged";"TISSUE_PARAFFIN_EMBEDDED";"79";"173";"2025-03-19";"bbmri-eric:ID:EU_BBMRI-ERIC:collection:CRC-Cohort"
"bbmri-eric:factID:EU_BBMRI-ERIC:collection:CRC-Cohort:142";"MALE";"urn:miriam:icd:urn:miriam:icd:C18.3";"Aged (65-79 years)";"OTHER";"159";"342";"2025-03-19";"bbmri-eric:ID:EU_BBMRI-ERIC:collection:CRC-Cohort"
"bbmri-eric:factID:EU_BBMRI-ERIC:collection:CRC-Cohort:143";"MALE";"urn:miriam:icd:urn:miriam:icd:C18.3";"Aged (65-79 years)";"TISSUE_FROZEN";"149";"340";"2025-03-19";"bbmri-eric:ID:EU_BBMRI-ERIC:collection:CRC-Cohort"
"bbmri-eric:factID:EU_BBMRI-ERIC:collection:CRC-Cohort:144";"MALE";"urn:miriam:icd:urn:miriam:icd:C18.3";"Aged (65-79 years)";"TISSUE_PARAFFIN_EMBEDDED";"148";"348";"2025-03-19";"bbmri-eric:ID:EU_BBMRI-ERIC:collection:CRC-Cohort"
"bbmri-eric:factID:EU_BBMRI-ERIC:collection:CRC-Cohort:145";"MALE";"urn:miriam:icd:urn:miriam:icd:C18.3";"Aged (>80 years)";"OTHER";"69";"157";"2025-03-19";"bbmri-eric:ID:EU_BBMRI-ERIC:collection:CRC-Cohort"
"bbmri-eric:factID:EU_BBMRI-ERIC:collection:CRC-Cohort:146";"MALE";"urn:miriam:icd:urn:miriam:icd:C18.3";"Aged (>80 years)";"TISSUE_FROZEN";"66";"162";"2025-03-19";"bbmri-eric:ID:EU_BBMRI-ERIC:collection:CRC-Cohort"
"bbmri-eric:factID:EU_BBMRI-ERIC:collection:CRC-Cohort:147";"MALE";"urn:miriam:icd:urn:miriam:icd:C18.3";"Aged (>80 years)";"TISSUE_PARAFFIN_EMBEDDED";"61";"151";"2025-03-19";"bbmri-eric:ID:EU_BBMRI-ERIC:collection:CRC-Cohort"
"bbmri-eric:factID:EU_BBMRI-ERIC:collection:CRC-Cohort:151";"MALE";"urn:miriam:icd:urn:miriam:icd:C18.4";"Middle-aged";"OTHER";"82";"173";"2025-03-19";"bbmri-eric:ID:EU_BBMRI-ERIC:collection:CRC-Cohort"
"bbmri-eric:factID:EU_BBMRI-ERIC:collection:CRC-Cohort:152";"MALE";"urn:miriam:icd:urn:miriam:icd:C18.4";"Middle-aged";"TISSUE_FROZEN";"83";"202";"2025-03-19";"bbmri-eric:ID:EU_BBMRI-ERIC:collection:CRC-Cohort"
"bbmri-eric:factID:EU_BBMRI-ERIC:collection:CRC-Cohort:153";"MALE";"urn:miriam:icd:urn:miriam:icd:C18.4";"Middle-aged";"TISSUE_PARAFFIN_EMBEDDED";"80";"161";"2025-03-19";"bbmri-eric:ID:EU_BBMRI-ERIC:collection:CRC-Cohort"
"bbmri-eric:factID:EU_BBMRI-ERIC:collection:CRC-Cohort:154";"MALE";"urn:miriam:icd:urn:miriam:icd:C18.4";"Aged (65-79 years)";"OTHER";"130";"333";"2025-03-19";"bbmri-eric:ID:EU_BBMRI-ERIC:collection:CRC-Cohort"
"bbmri-eric:factID:EU_BBMRI-ERIC:collection:CRC-Cohort:155";"MALE";"urn:miriam:icd:urn:miriam:icd:C18.4";"Aged (65-79 years)";"TISSUE_FROZEN";"130";"322";"2025-03-19";"bbmri-eric:ID:EU_BBMRI-ERIC:collection:CRC-Cohort"
"bbmri-eric:factID:EU_BBMRI-ERIC:collection:CRC-Cohort:156";"MALE";"urn:miriam:icd:urn:miriam:icd:C18.4";"Aged (65-79 years)";"TISSUE_PARAFFIN_EMBEDDED";"144";"323";"2025-03-19";"bbmri-eric:ID:EU_BBMRI-ERIC:collection:CRC-Cohort"
"bbmri-eric:factID:EU_BBMRI-ERIC:collection:CRC-Cohort:157";"MALE";"urn:miriam:icd:urn:miriam:icd:C18.4";"Aged (>80 years)";"OTHER";"30";"58";"2025-03-19";"bbmri-eric:ID:EU_BBMRI-ERIC:collection:CRC-Cohort"
"bbmri-eric:factID:EU_BBMRI-ERIC:collection:CRC-Cohort:158";"MALE";"urn:miriam:icd:urn:miriam:icd:C18.4";"Aged (>80 years)";"TISSUE_FROZEN";"28";"58";"2025-03-19";"bbmri-eric:ID:EU_BBMRI-ERIC:collection:CRC-Cohort"
"bbmri-eric:factID:EU_BBMRI-ERIC:collection:CRC-Cohort:159";"MALE";"urn:miriam:icd:urn:miriam:icd:C18.4";"Aged (>80 years)";"TISSUE_PARAFFIN_EMBEDDED";"28";"57";"2025-03-19";"bbmri-eric:ID:EU_BBMRI-ERIC:collection:CRC-Cohort"
"bbmri-eric:factID:EU_BBMRI-ERIC:collection:CRC-Cohort:160";"MALE";"urn:miriam:icd:urn:miriam:icd:C18.5";"Middle-aged";"OTHER";"49";"113";"2025-03-19";"bbmri-eric:ID:EU_BBMRI-ERIC:collection:CRC-Cohort"
"bbmri-eric:factID:EU_BBMRI-ERIC:collection:CRC-Cohort:161";"MALE";"urn:miriam:icd:urn:miriam:icd:C18.5";"Middle-aged";"TISSUE_FROZEN";"55";"120";"2025-03-19";"bbmri-eric:ID:EU_BBMRI-ERIC:collection:CRC-Cohort"
"bbmri-eric:factID:EU_BBMRI-ERIC:collection:CRC-Cohort:162";"MALE";"urn:miriam:icd:urn:miriam:icd:C18.5";"Middle-aged";"TISSUE_PARAFFIN_EMBEDDED";"51";"126";"2025-03-19";"bbmri-eric:ID:EU_BBMRI-ERIC:collection:CRC-Cohort"
"bbmri-eric:factID:EU_BBMRI-ERIC:collection:CRC-Cohort:163";"MALE";"urn:miriam:icd:urn:miriam:icd:C18.5";"Aged (65-79 years)";"OTHER";"51";"108";"2025-03-19";"bbmri-eric:ID:EU_BBMRI-ERIC:collection:CRC-Cohort"
"bbmri-eric:factID:EU_BBMRI-ERIC:collection:CRC-Cohort:164";"MALE";"urn:miriam:icd:urn:miriam:icd:C18.5";"Aged (65-79 years)";"TISSUE_FROZEN";"50";"105";"2025-03-19";"bbmri-eric:ID:EU_BBMRI-ERIC:collection:CRC-Cohort"
"bbmri-eric:factID:EU_BBMRI-ERIC:collection:CRC-Cohort:165";"MALE";"urn:miriam:icd:urn:miriam:icd:C18.5";"Aged (65-79 years)";"TISSUE_PARAFFIN_EMBEDDED";"58";"129";"2025-03-19";"bbmri-eric:ID:EU_BBMRI-ERIC:collection:CRC-Cohort"
"bbmri-eric:factID:EU_BBMRI-ERIC:collection:CRC-Cohort:166";"MALE";"urn:miriam:icd:urn:miriam:icd:C18.5";"Aged (>80 years)";"OTHER";"19";"39";"2025-03-19";"bbmri-eric:ID:EU_BBMRI-ERIC:collection:CRC-Cohort"
"bbmri-eric:factID:EU_BBMRI-ERIC:collection:CRC-Cohort:167";"MALE";"urn:miriam:icd:urn:miriam:icd:C18.5";"Aged (>80 years)";"TISSUE_FROZEN";"20";"36";"2025-03-19";"bbmri-eric:ID:EU_BBMRI-ERIC:collection:CRC-Cohort"
"bbmri-eric:factID:EU_BBMRI-ERIC:collection:CRC-Cohort:168";"MALE";"urn:miriam:icd:urn:miriam:icd:C18.5";"Aged (>80 years)";"TISSUE_PARAFFIN_EMBEDDED";"17";"33";"2025-03-19";"bbmri-eric:ID:EU_BBMRI-ERIC:collection:CRC-Cohort"
"bbmri-eric:factID:EU_BBMRI-ERIC:collection:CRC-Cohort:169";"MALE";"urn:miriam:icd:urn:miriam:icd:C18.6";"Middle-aged";"OTHER";"78";"172";"2025-03-19";"bbmri-eric:ID:EU_BBMRI-ERIC:collection:CRC-Cohort"
"bbmri-eric:factID:EU_BBMRI-ERIC:collection:CRC-Cohort:170";"MALE";"urn:miriam:icd:urn:miriam:icd:C18.6";"Middle-aged";"TISSUE_FROZEN";"84";"180";"2025-03-19";"bbmri-eric:ID:EU_BBMRI-ERIC:collection:CRC-Cohort"
"bbmri-eric:factID:EU_BBMRI-ERIC:collection:CRC-Cohort:171";"MALE";"urn:miriam:icd:urn:miriam:icd:C18.6";"Middle-aged";"TISSUE_PARAFFIN_EMBEDDED";"77";"189";"2025-03-19";"bbmri-eric:ID:EU_BBMRI-ERIC:collection:CRC-Cohort"
"bbmri-eric:factID:EU_BBMRI-ERIC:collection:CRC-Cohort:172";"MALE";"urn:miriam:icd:urn:miriam:icd:C18.6";"Aged (65-79 years)";"OTHER";"125";"307";"2025-03-19";"bbmri-eric:ID:EU_BBMRI-ERIC:collection:CRC-Cohort"
"bbmri-eric:factID:EU_BBMRI-ERIC:collection:CRC-Cohort:173";"MALE";"urn:miriam:icd:urn:miriam:icd:C18.6";"Aged (65-79 years)";"TISSUE_FROZEN";"129";"283";"2025-03-19";"bbmri-eric:ID:EU_BBMRI-ERIC:collection:CRC-Cohort"
"bbmri-eric:factID:EU_BBMRI-ERIC:collection:CRC-Cohort:174";"MALE";"urn:miriam:icd:urn:miriam:icd:C18.6";"Aged (65-79 years)";"TISSUE_PARAFFIN_EMBEDDED";"128";"266";"2025-03-19";"bbmri-eric:ID:EU_BBMRI-ERIC:collection:CRC-Cohort"
"bbmri-eric:factID:EU_BBMRI-ERIC:collection:CRC-Cohort:175";"MALE";"urn:miriam:icd:urn:miriam:icd:C18.6";"Aged (>80 years)";"OTHER";"42";"105";"2025-03-19";"bbmri-eric:ID:EU_BBMRI-ERIC:collection:CRC-Cohort"
"bbmri-eric:factID:EU_BBMRI-ERIC:collection:CRC-Cohort:176";"MALE";"urn:miriam:icd:urn:miriam:icd:C18.6";"Aged (>80 years)";"TISSUE_FROZEN";"38";"86";"2025-03-19";"bbmri-eric:ID:EU_BBMRI-ERIC:collection:CRC-Cohort"
"bbmri-eric:factID:EU_BBMRI-ERIC:collection:CRC-Cohort:177";"MALE";"urn:miriam:icd:urn:miriam:icd:C18.6";"Aged (>80 years)";"TISSUE_PARAFFIN_EMBEDDED";"38";"77";"2025-03-19";"bbmri-eric:ID:EU_BBMRI-ERIC:collection:CRC-Cohort"
"bbmri-eric:factID:EU_BBMRI-ERIC:collection:CRC-Cohort:178";"MALE";"urn:miriam:icd:urn:miriam:icd:C18.7";"Adult";"OTHER";"25";"65";"2025-03-19";"bbmri-eric:ID:EU_BBMRI-ERIC:collection:CRC-Cohort"
"bbmri-eric:factID:EU_BBMRI-ERIC:collection:CRC-Cohort:179";"MALE";"urn:miriam:icd:urn:miriam:icd:C18.7";"Adult";"TISSUE_FROZEN";"26";"59";"2025-03-19";"bbmri-eric:ID:EU_BBMRI-ERIC:collection:CRC-Cohort"
"bbmri-eric:factID:EU_BBMRI-ERIC:collection:CRC-Cohort:180";"MALE";"urn:miriam:icd:urn:miriam:icd:C18.7";"Adult";"TISSUE_PARAFFIN_EMBEDDED";"25";"61";"2025-03-19";"bbmri-eric:ID:EU_BBMRI-ERIC:collection:CRC-Cohort"
"bbmri-eric:factID:EU_BBMRI-ERIC:collection:CRC-Cohort:181";"MALE";"urn:miriam:icd:urn:miriam:icd:C18.7";"Middle-aged";"OTHER";"368";"819";"2025-03-19";"bbmri-eric:ID:EU_BBMRI-ERIC:collection:CRC-Cohort"
"bbmri-eric:factID:EU_BBMRI-ERIC:collection:CRC-Cohort:182";"MALE";"urn:miriam:icd:urn:miriam:icd:C18.7";"Middle-aged";"TISSUE_FROZEN";"347";"795";"2025-03-19";"bbmri-eric:ID:EU_BBMRI-ERIC:collection:CRC-Cohort"
"bbmri-eric:factID:EU_BBMRI-ERIC:collection:CRC-Cohort:183";"MALE";"urn:miriam:icd:urn:miriam:icd:C18.7";"Middle-aged";"TISSUE_PARAFFIN_EMBEDDED";"349";"775";"2025-03-19";"bbmri-eric:ID:EU_BBMRI-ERIC:collection:CRC-Cohort"
"bbmri-eric:factID:EU_BBMRI-ERIC:collection:CRC-Cohort:184";"MALE";"urn:miriam:icd:urn:miriam:icd:C18.7";"Aged (65-79 years)";"OTHER";"563";"1266";"2025-03-19";"bbmri-eric:ID:EU_BBMRI-ERIC:collection:CRC-Cohort"
"bbmri-eric:factID:EU_BBMRI-ERIC:collection:CRC-Cohort:185";"MALE";"urn:miriam:icd:urn:miriam:icd:C18.7";"Aged (65-79 years)";"TISSUE_FROZEN";"573";"1298";"2025-03-19";"bbmri-eric:ID:EU_BBMRI-ERIC:collection:CRC-Cohort"
"bbmri-eric:factID:EU_BBMRI-ERIC:collection:CRC-Cohort:186";"MALE";"urn:miriam:icd:urn:miriam:icd:C18.7";"Aged (65-79 years)";"TISSUE_PARAFFIN_EMBEDDED";"565";"1241";"2025-03-19";"bbmri-eric:ID:EU_BBMRI-ERIC:collection:CRC-Cohort"
"bbmri-eric:factID:EU_BBMRI-ERIC:collection:CRC-Cohort:187";"MALE";"urn:miriam:icd:urn:miriam:icd:C18.7";"Aged (>80 years)";"OTHER";"162";"359";"2025-03-19";"bbmri-eric:ID:EU_BBMRI-ERIC:collection:CRC-Cohort"
"bbmri-eric:factID:EU_BBMRI-ERIC:collection:CRC-Cohort:188";"MALE";"urn:miriam:icd:urn:miriam:icd:C18.7";"Aged (>80 years)";"TISSUE_FROZEN";"166";"374";"2025-03-19";"bbmri-eric:ID:EU_BBMRI-ERIC:collection:CRC-Cohort"
"bbmri-eric:factID:EU_BBMRI-ERIC:collection:CRC-Cohort:189";"MALE";"urn:miriam:icd:urn:miriam:icd:C18.7";"Aged (>80 years)";"TISSUE_PARAFFIN_EMBEDDED";"160";"354";"2025-03-19";"bbmri-eric:ID:EU_BBMRI-ERIC:collection:CRC-Cohort"
"bbmri-eric:factID:EU_BBMRI-ERIC:collection:CRC-Cohort:190";"MALE";"urn:miriam:icd:urn:miriam:icd:C19";"Adult";"OTHER";"10";"27";"2025-03-19";"bbmri-eric:ID:EU_BBMRI-ERIC:collection:CRC-Cohort"
"bbmri-eric:factID:EU_BBMRI-ERIC:collection:CRC-Cohort:191";"MALE";"urn:miriam:icd:urn:miriam:icd:C19";"Adult";"TISSUE_FROZEN";"10";"20";"2025-03-19";"bbmri-eric:ID:EU_BBMRI-ERIC:collection:CRC-Cohort"
"bbmri-eric:factID:EU_BBMRI-ERIC:collection:CRC-Cohort:192";"MALE";"urn:miriam:icd:urn:miriam:icd:C19";"Adult";"TISSUE_PARAFFIN_EMBEDDED";"12";"23";"2025-03-19";"bbmri-eric:ID:EU_BBMRI-ERIC:collection:CRC-Cohort"
"bbmri-eric:factID:EU_BBMRI-ERIC:collection:CRC-Cohort:193";"MALE";"urn:miriam:icd:urn:miriam:icd:C19";"Middle-aged";"OTHER";"77";"168";"2025-03-19";"bbmri-eric:ID:EU_BBMRI-ERIC:collection:CRC-Cohort"
"bbmri-eric:factID:EU_BBMRI-ERIC:collection:CRC-Cohort:194";"MALE";"urn:miriam:icd:urn:miriam:icd:C19";"Middle-aged";"TISSUE_FROZEN";"78";"169";"2025-03-19";"bbmri-eric:ID:EU_BBMRI-ERIC:collection:CRC-Cohort"
"bbmri-eric:factID:EU_BBMRI-ERIC:collection:CRC-Cohort:195";"MALE";"urn:miriam:icd:urn:miriam:icd:C19";"Middle-aged";"TISSUE_PARAFFIN_EMBEDDED";"83";"182";"2025-03-19";"bbmri-eric:ID:EU_BBMRI-ERIC:collection:CRC-Cohort"
"bbmri-eric:factID:EU_BBMRI-ERIC:collection:CRC-Cohort:196";"MALE";"urn:miriam:icd:urn:miriam:icd:C19";"Aged (65-79 years)";"OTHER";"158";"368";"2025-03-19";"bbmri-eric:ID:EU_BBMRI-ERIC:collection:CRC-Cohort"
"bbmri-eric:factID:EU_BBMRI-ERIC:collection:CRC-Cohort:197";"MALE";"urn:miriam:icd:urn:miriam:icd:C19";"Aged (65-79 years)";"TISSUE_FROZEN";"151";"391";"2025-03-19";"bbmri-eric:ID:EU_BBMRI-ERIC:collection:CRC-Cohort"
"bbmri-eric:factID:EU_BBMRI-ERIC:collection:CRC-Cohort:198";"MALE";"urn:miriam:icd:urn:miriam:icd:C19";"Aged (65-79 years)";"TISSUE_PARAFFIN_EMBEDDED";"156";"390";"2025-03-19";"bbmri-eric:ID:EU_BBMRI-ERIC:collection:CRC-Cohort"
"bbmri-eric:factID:EU_BBMRI-ERIC:collection:CRC-Cohort:199";"MALE";"urn:miriam:icd:urn:miriam:icd:C19";"Aged (>80 years)";"OTHER";"43";"98";"2025-03-19";"bbmri-eric:ID:EU_BBMRI-ERIC:collection:CRC-Cohort"
"bbmri-eric:factID:EU_BBMRI-ERIC:collection:CRC-Cohort:200";"MALE";"urn:miriam:icd:urn:miriam:icd:C19";"Aged (>80 years)";"TISSUE_FROZEN";"37";"82";"2025-03-19";"bbmri-eric:ID:EU_BBMRI-ERIC:collection:CRC-Cohort"
"bbmri-eric:factID:EU_BBMRI-ERIC:collection:CRC-Cohort:201";"MALE";"urn:miriam:icd:urn:miriam:icd:C19";"Aged (>80 years)";"TISSUE_PARAFFIN_EMBEDDED";"36";"83";"2025-03-19";"bbmri-eric:ID:EU_BBMRI-ERIC:collection:CRC-Cohort"
"bbmri-eric:factID:EU_BBMRI-ERIC:collection:CRC-Cohort:202";"MALE";"urn:miriam:icd:urn:miriam:icd:C20";"Adult";"OTHER";"57";"123";"2025-03-19";"bbmri-eric:ID:EU_BBMRI-ERIC:collection:CRC-Cohort"
"bbmri-eric:factID:EU_BBMRI-ERIC:collection:CRC-Cohort:203";"MALE";"urn:miriam:icd:urn:miriam:icd:C20";"Adult";"TISSUE_FROZEN";"52";"116";"2025-03-19";"bbmri-eric:ID:EU_BBMRI-ERIC:collection:CRC-Cohort"
"bbmri-eric:factID:EU_BBMRI-ERIC:collection:CRC-Cohort:204";"MALE";"urn:miriam:icd:urn:miriam:icd:C20";"Adult";"TISSUE_PARAFFIN_EMBEDDED";"54";"125";"2025-03-19";"bbmri-eric:ID:EU_BBMRI-ERIC:collection:CRC-Cohort"
"bbmri-eric:factID:EU_BBMRI-ERIC:collection:CRC-Cohort:205";"MALE";"urn:miriam:icd:urn:miriam:icd:C20";"Middle-aged";"OTHER";"716";"1663";"2025-03-19";"bbmri-eric:ID:EU_BBMRI-ERIC:collection:CRC-Cohort"
"bbmri-eric:factID:EU_BBMRI-ERIC:collection:CRC-Cohort:206";"MALE";"urn:miriam:icd:urn:miriam:icd:C20";"Middle-aged";"TISSUE_FROZEN";"697";"1570";"2025-03-19";"bbmri-eric:ID:EU_BBMRI-ERIC:collection:CRC-Cohort"
"bbmri-eric:factID:EU_BBMRI-ERIC:collection:CRC-Cohort:207";"MALE";"urn:miriam:icd:urn:miriam:icd:C20";"Middle-aged";"TISSUE_PARAFFIN_EMBEDDED";"675";"1546";"2025-03-19";"bbmri-eric:ID:EU_BBMRI-ERIC:collection:CRC-Cohort"
"bbmri-eric:factID:EU_BBMRI-ERIC:collection:CRC-Cohort:208";"MALE";"urn:miriam:icd:urn:miriam:icd:C20";"Aged (65-79 years)";"OTHER";"875";"2030";"2025-03-19";"bbmri-eric:ID:EU_BBMRI-ERIC:collection:CRC-Cohort"
"bbmri-eric:factID:EU_BBMRI-ERIC:collection:CRC-Cohort:209";"MALE";"urn:miriam:icd:urn:miriam:icd:C20";"Aged (65-79 years)";"TISSUE_FROZEN";"872";"1966";"2025-03-19";"bbmri-eric:ID:EU_BBMRI-ERIC:collection:CRC-Cohort"
"bbmri-eric:factID:EU_BBMRI-ERIC:collection:CRC-Cohort:210";"MALE";"urn:miriam:icd:urn:miriam:icd:C20";"Aged (65-79 years)";"TISSUE_PARAFFIN_EMBEDDED";"874";"1904";"2025-03-19";"bbmri-eric:ID:EU_BBMRI-ERIC:collection:CRC-Cohort"
"bbmri-eric:factID:EU_BBMRI-ERIC:collection:CRC-Cohort:211";"MALE";"urn:miriam:icd:urn:miriam:icd:C20";"Aged (>80 years)";"OTHER";"170";"369";"2025-03-19";"bbmri-eric:ID:EU_BBMRI-ERIC:collection:CRC-Cohort"
"bbmri-eric:factID:EU_BBMRI-ERIC:collection:CRC-Cohort:212";"MALE";"urn:miriam:icd:urn:miriam:icd:C20";"Aged (>80 years)";"TISSUE_FROZEN";"165";"379";"2025-03-19";"bbmri-eric:ID:EU_BBMRI-ERIC:collection:CRC-Cohort"
"bbmri-eric:factID:EU_BBMRI-ERIC:collection:CRC-Cohort:213";"MALE";"urn:miriam:icd:urn:miriam:icd:C20";"Aged (>80 years)";"TISSUE_PARAFFIN_EMBEDDED";"164";"345";"2025-03-19";"bbmri-eric:ID:EU_BBMRI-ERIC:collection:CRC-Cohort"
